{
    "cameraMatrix1": [
        [
            1.0,
            0.0,
            0.0
        ],
        [
            0.0,
            1.0,
            0.0
        ],
        [
            0.0,
            0.0,
            1.0
        ]
    ],
    "distCoeffs1": [
        [
            0.0,
            0.0,
            0.0,
            0.0,
            0.0
        ]
    ],
    "cameraMatrix2": [
        [
            1.0,
            0.0,
            0.0
        ],
        [
            0.0,
            1.0,
            0.0
        ],
        [
            0.0,
            0.0,
            1.0
        ]
    ],
    "distCoeffs2": [
        [
            0.0,
            0.0,
            0.0,
            0.0,
            0.0
        ]
    ],
    "R": [
        [
            0.9999824347603634,
            -0.005927065511549609,
            8.072007650146643e-06
        ],
        [
            0.0059270657611478605,
            0.9999824343029617,
            -3.125677376983299e-05
        ],
        [
            -7.886604913892308e-06,
            3.130406805727836e-05,
            0.9999999994789284
        ]
    ],
    "T": [
        [
            0.14723970124933503
        ],
        [
            -0.01806468162448356
        ],
        [
            -1.1927157895401507e-05
        ]
    ],
    "E": [
        [
            2.131620560571908e-07,
            1.1361450363553491e-05,
            -0.01806468198787504
        ],
        [
            -1.0765727040621852e-05,
            -4.538508582429877e-06,
            -0.1472397012688887
        ],
        [
            0.01893706370597844,
            0.14713004432991728,
            -4.456419783617966e-06
        ]
    ],
    "F": [
        [
            -0.04783258005468555,
            -2.5494569441861787,
            4053.631135532107
        ],
        [
            2.4157793842037125,
            1.0184203470044886,
            33039.90836100082
        ],
        [
            -4249.389560559821,
            -33015.30185077606,
            1.0
        ]
    ]
}